Date,Product,SKU,Quantity,Unit Type,Price Per Unit ($),Multiplier,Owner,Repository Slug,Username,Actions Workflow,Notes
2023-12-01,Codespaces - Linux,Storage,0.0384,gb-month,0.07,1.0,SH20RAJ,hfupload,SH20RAJ,,
2023-12-01,Codespaces - Linux,Storage,0.0264,gb-month,0.07,1.0,SH20RAJ,UI,SH20RAJ,,
2023-12-01,Codespaces - Linux,Storage,0.0648,gb-month,0.07,1.0,SH20RAJ,nextjslearn,SH20RAJ,,
2023-12-02,Codespaces - Linux,Storage,0.0384,gb-month,0.07,1.0,SH20RAJ,hfupload,SH20RAJ,,
2023-12-02,Codespaces - Linux,Storage,0.0648,gb-month,0.07,1.0,SH20RAJ,nextjslearn,SH20RAJ,,
2023-12-02,Codespaces - Linux,Storage,0.0264,gb-month,0.07,1.0,SH20RAJ,UI,SH20RAJ,,
2023-12-03,Codespaces - Linux,Storage,0.0384,gb-month,0.07,1.0,SH20RAJ,hfupload,SH20RAJ,,
2023-12-03,Codespaces - Linux,Storage,0.0264,gb-month,0.07,1.0,SH20RAJ,UI,SH20RAJ,,
2023-12-03,Codespaces - Linux,Storage,0.0648,gb-month,0.07,1.0,SH20RAJ,nextjslearn,SH20RAJ,,
2023-12-04,Codespaces - Linux,Storage,0.0384,gb-month,0.07,1.0,SH20RAJ,hfupload,SH20RAJ,,
2023-12-04,Codespaces - Linux,Storage,0.0648,gb-month,0.07,1.0,SH20RAJ,nextjslearn,SH20RAJ,,
2023-12-04,Codespaces - Linux,Storage,0.0264,gb-month,0.07,1.0,SH20RAJ,UI,SH20RAJ,,
2023-12-05,Codespaces - Linux,Storage,0.0444,gb-month,0.07,1.0,SH20RAJ,hfupload,SH20RAJ,,
2023-12-05,Codespaces - Linux,Storage,0.0264,gb-month,0.07,1.0,SH20RAJ,UI,SH20RAJ,,
2023-12-05,Codespaces - Linux,Storage,0.0648,gb-month,0.07,1.0,SH20RAJ,nextjslearn,SH20RAJ,,
2023-12-05,Codespaces - Linux,Compute - 2 core,1.0767,hour,0.18,1.0,SH20RAJ,hfupload,SH20RAJ,,
2023-12-06,Codespaces - Linux,Storage,0.0456,gb-month,0.07,1.0,SH20RAJ,hfupload,SH20RAJ,,
2023-12-06,Codespaces - Linux,Storage,0.0264,gb-month,0.07,1.0,SH20RAJ,UI,SH20RAJ,,
2023-12-06,Codespaces - Linux,Storage,0.0648,gb-month,0.07,1.0,SH20RAJ,nextjslearn,SH20RAJ,,
2023-12-07,Codespaces - Linux,Storage,0.0456,gb-month,0.07,1.0,SH20RAJ,hfupload,SH20RAJ,,
2023-12-07,Codespaces - Linux,Storage,0.0264,gb-month,0.07,1.0,SH20RAJ,UI,SH20RAJ,,
2023-12-07,Codespaces - Linux,Storage,0.0648,gb-month,0.07,1.0,SH20RAJ,nextjslearn,SH20RAJ,,
2023-12-07,Codespaces - Linux,Storage,0.2339,gb-month,0.07,1.0,SH20RAJ,Music-AI-Voices,SH20RAJ,,
2023-12-07,Codespaces - Linux,Compute - 2 core,0.7429,hour,0.18,1.0,SH20RAJ,Music-AI-Voices,SH20RAJ,,
2023-12-08,Codespaces - Linux,Storage,0.0456,gb-month,0.07,1.0,SH20RAJ,hfupload,SH20RAJ,,
2023-12-08,Codespaces - Linux,Storage,0.2856,gb-month,0.07,1.0,SH20RAJ,Music-AI-Voices,SH20RAJ,,
2023-12-08,Codespaces - Linux,Storage,0.0264,gb-month,0.07,1.0,SH20RAJ,UI,SH20RAJ,,
2023-12-08,Codespaces - Linux,Storage,0.0648,gb-month,0.07,1.0,SH20RAJ,nextjslearn,SH20RAJ,,
2023-12-09,Codespaces - Linux,Storage,0.0456,gb-month,0.07,1.0,SH20RAJ,hfupload,SH20RAJ,,
2023-12-09,Codespaces - Linux,Storage,0.2856,gb-month,0.07,1.0,SH20RAJ,Music-AI-Voices,SH20RAJ,,
2023-12-09,Codespaces - Linux,Storage,0.0648,gb-month,0.07,1.0,SH20RAJ,nextjslearn,SH20RAJ,,
2023-12-09,Codespaces - Linux,Storage,0.0081,gb-month,0.07,1.0,SH20RAJ,UI,SH20RAJ,,
2023-12-10,Codespaces - Linux,Storage,0.0456,gb-month,0.07,1.0,SH20RAJ,hfupload,SH20RAJ,,
2023-12-10,Codespaces - Linux,Storage,0.2856,gb-month,0.07,1.0,SH20RAJ,Music-AI-Voices,SH20RAJ,,
2023-12-10,Codespaces - Linux,Storage,0.0648,gb-month,0.07,1.0,SH20RAJ,nextjslearn,SH20RAJ,,
2023-12-11,Codespaces - Linux,Storage,0.0456,gb-month,0.07,1.0,SH20RAJ,hfupload,SH20RAJ,,
2023-12-11,Codespaces - Linux,Storage,0.2856,gb-month,0.07,1.0,SH20RAJ,Music-AI-Voices,SH20RAJ,,
2023-12-11,Codespaces - Linux,Storage,0.0648,gb-month,0.07,1.0,SH20RAJ,nextjslearn,SH20RAJ,,
2023-12-12,Codespaces - Linux,Storage,0.0456,gb-month,0.07,1.0,SH20RAJ,hfupload,SH20RAJ,,
2023-12-12,Codespaces - Linux,Storage,0.2856,gb-month,0.07,1.0,SH20RAJ,Music-AI-Voices,SH20RAJ,,
2023-12-12,Codespaces - Linux,Storage,0.0648,gb-month,0.07,1.0,SH20RAJ,nextjslearn,SH20RAJ,,
2023-12-13,Codespaces - Linux,Storage,0.2856,gb-month,0.07,1.0,SH20RAJ,Music-AI-Voices,SH20RAJ,,
2023-12-13,Codespaces - Linux,Storage,0.0456,gb-month,0.07,1.0,SH20RAJ,hfupload,SH20RAJ,,
2023-12-13,Codespaces - Linux,Storage,0.0648,gb-month,0.07,1.0,SH20RAJ,nextjslearn,SH20RAJ,,
2023-12-14,Codespaces - Linux,Storage,0.0456,gb-month,0.07,1.0,SH20RAJ,hfupload,SH20RAJ,,
2023-12-14,Codespaces - Linux,Storage,0.2856,gb-month,0.07,1.0,SH20RAJ,Music-AI-Voices,SH20RAJ,,
2023-12-14,Codespaces - Linux,Storage,0.0574,gb-month,0.07,1.0,SH20RAJ,nextjslearn,SH20RAJ,,
2023-12-15,Codespaces - Linux,Storage,0.0456,gb-month,0.07,1.0,SH20RAJ,hfupload,SH20RAJ,,
2023-12-15,Codespaces - Linux,Storage,0.2856,gb-month,0.07,1.0,SH20RAJ,Music-AI-Voices,SH20RAJ,,
2023-12-15,Codespaces - Linux,Storage,0.1807,gb-month,0.07,1.0,SH20RAJ,stable-diffusion-webui,SH20RAJ,,
2023-12-15,Codespaces - Linux,Compute - 2 core,0.6254,hour,0.18,1.0,SH20RAJ,stable-diffusion-webui,SH20RAJ,,
2023-12-16,Codespaces - Linux,Storage,0.0456,gb-month,0.07,1.0,SH20RAJ,hfupload,SH20RAJ,,
2023-12-16,Codespaces - Linux,Storage,0.2856,gb-month,0.07,1.0,SH20RAJ,Music-AI-Voices,SH20RAJ,,
2023-12-16,Codespaces - Linux,Storage,0.2448,gb-month,0.07,1.0,SH20RAJ,stable-diffusion-webui,SH20RAJ,,
2023-12-17,Codespaces - Linux,Storage,0.2448,gb-month,0.07,1.0,SH20RAJ,stable-diffusion-webui,SH20RAJ,,
2023-12-17,Codespaces - Linux,Storage,0.2856,gb-month,0.07,1.0,SH20RAJ,Music-AI-Voices,SH20RAJ,,
2023-12-17,Codespaces - Linux,Storage,0.0456,gb-month,0.07,1.0,SH20RAJ,hfupload,SH20RAJ,,
2023-12-18,Codespaces - Linux,Storage,0.2856,gb-month,0.07,1.0,SH20RAJ,Music-AI-Voices,SH20RAJ,,
2023-12-18,Codespaces - Linux,Storage,0.0456,gb-month,0.07,1.0,SH20RAJ,hfupload,SH20RAJ,,
2023-12-18,Codespaces - Linux,Storage,0.2448,gb-month,0.07,1.0,SH20RAJ,stable-diffusion-webui,SH20RAJ,,
2023-12-19,Codespaces - Linux,Storage,0.0456,gb-month,0.07,1.0,SH20RAJ,hfupload,SH20RAJ,,
2023-12-19,Codespaces - Linux,Storage,0.2856,gb-month,0.07,1.0,SH20RAJ,Music-AI-Voices,SH20RAJ,,
2023-12-19,Codespaces - Linux,Storage,0.2448,gb-month,0.07,1.0,SH20RAJ,stable-diffusion-webui,SH20RAJ,,
2023-12-20,Codespaces - Linux,Storage,0.0456,gb-month,0.07,1.0,SH20RAJ,hfupload,SH20RAJ,,
2023-12-20,Codespaces - Linux,Storage,0.2856,gb-month,0.07,1.0,SH20RAJ,Music-AI-Voices,SH20RAJ,,
2023-12-20,Codespaces - Linux,Storage,0.2448,gb-month,0.07,1.0,SH20RAJ,stable-diffusion-webui,SH20RAJ,,
2023-12-21,Codespaces - Linux,Storage,0.0456,gb-month,0.07,1.0,SH20RAJ,hfupload,SH20RAJ,,
2023-12-21,Codespaces - Linux,Storage,0.2448,gb-month,0.07,1.0,SH20RAJ,stable-diffusion-webui,SH20RAJ,,
2023-12-21,Codespaces - Linux,Storage,0.2856,gb-month,0.07,1.0,SH20RAJ,Music-AI-Voices,SH20RAJ,,
2023-12-22,Codespaces - Linux,Storage,0.2856,gb-month,0.07,1.0,SH20RAJ,Music-AI-Voices,SH20RAJ,,
2023-12-22,Codespaces - Linux,Storage,0.0456,gb-month,0.07,1.0,SH20RAJ,hfupload,SH20RAJ,,
2023-12-22,Codespaces - Linux,Storage,0.2448,gb-month,0.07,1.0,SH20RAJ,stable-diffusion-webui,SH20RAJ,,
2023-12-23,Codespaces - Linux,Storage,0.0456,gb-month,0.07,1.0,SH20RAJ,hfupload,SH20RAJ,,
2023-12-23,Codespaces - Linux,Storage,0.2448,gb-month,0.07,1.0,SH20RAJ,stable-diffusion-webui,SH20RAJ,,
2023-12-23,Codespaces - Linux,Storage,0.2856,gb-month,0.07,1.0,SH20RAJ,Music-AI-Voices,SH20RAJ,,
2023-12-24,Codespaces - Linux,Storage,0.2856,gb-month,0.07,1.0,SH20RAJ,Music-AI-Voices,SH20RAJ,,
2023-12-24,Codespaces - Linux,Storage,0.0456,gb-month,0.07,1.0,SH20RAJ,hfupload,SH20RAJ,,
2023-12-24,Codespaces - Linux,Storage,0.2448,gb-month,0.07,1.0,SH20RAJ,stable-diffusion-webui,SH20RAJ,,
2023-12-25,Codespaces - Linux,Storage,0.2448,gb-month,0.07,1.0,SH20RAJ,stable-diffusion-webui,SH20RAJ,,
2023-12-25,Codespaces - Linux,Storage,0.0456,gb-month,0.07,1.0,SH20RAJ,hfupload,SH20RAJ,,
2023-12-25,Codespaces - Linux,Storage,0.2856,gb-month,0.07,1.0,SH20RAJ,Music-AI-Voices,SH20RAJ,,
2023-12-26,Codespaces - Linux,Storage,0.0456,gb-month,0.07,1.0,SH20RAJ,hfupload,SH20RAJ,,
2023-12-26,Codespaces - Linux,Storage,0.2856,gb-month,0.07,1.0,SH20RAJ,Music-AI-Voices,SH20RAJ,,
2023-12-26,Codespaces - Linux,Storage,0.2448,gb-month,0.07,1.0,SH20RAJ,stable-diffusion-webui,SH20RAJ,,
2023-12-27,Codespaces - Linux,Storage,0.0456,gb-month,0.07,1.0,SH20RAJ,hfupload,SH20RAJ,,
2023-12-27,Codespaces - Linux,Storage,0.2448,gb-month,0.07,1.0,SH20RAJ,stable-diffusion-webui,SH20RAJ,,
2023-12-27,Codespaces - Linux,Storage,0.2856,gb-month,0.07,1.0,SH20RAJ,Music-AI-Voices,SH20RAJ,,
2023-12-28,Codespaces - Linux,Storage,0.0456,gb-month,0.07,1.0,SH20RAJ,hfupload,SH20RAJ,,
2023-12-28,Codespaces - Linux,Storage,0.2448,gb-month,0.07,1.0,SH20RAJ,stable-diffusion-webui,SH20RAJ,,
2023-12-28,Codespaces - Linux,Storage,0.2856,gb-month,0.07,1.0,SH20RAJ,Music-AI-Voices,SH20RAJ,,
2023-12-29,Codespaces - Linux,Storage,0.0456,gb-month,0.07,1.0,SH20RAJ,hfupload,SH20RAJ,,
2023-12-29,Codespaces - Linux,Storage,0.2448,gb-month,0.07,1.0,SH20RAJ,stable-diffusion-webui,SH20RAJ,,
2023-12-29,Codespaces - Linux,Storage,0.2856,gb-month,0.07,1.0,SH20RAJ,Music-AI-Voices,SH20RAJ,,
2023-12-30,Codespaces - Linux,Storage,0.0456,gb-month,0.07,1.0,SH20RAJ,hfupload,SH20RAJ,,
2023-12-30,Codespaces - Linux,Storage,0.2856,gb-month,0.07,1.0,SH20RAJ,Music-AI-Voices,SH20RAJ,,
2023-12-30,Codespaces - Linux,Storage,0.2448,gb-month,0.07,1.0,SH20RAJ,stable-diffusion-webui,SH20RAJ,,
2023-12-31,Codespaces - Linux,Storage,0.2856,gb-month,0.07,1.0,SH20RAJ,Music-AI-Voices,SH20RAJ,,
2023-12-31,Codespaces - Linux,Storage,0.2448,gb-month,0.07,1.0,SH20RAJ,stable-diffusion-webui,SH20RAJ,,
2023-12-31,Codespaces - Linux,Storage,0.0456,gb-month,0.07,1.0,SH20RAJ,hfupload,SH20RAJ,,
2024-01-01,Codespaces - Linux,Storage,0.0456,gb-month,0.07,1.0,SH20RAJ,hfupload,SH20RAJ,,
2024-01-01,Codespaces - Linux,Storage,0.2856,gb-month,0.07,1.0,SH20RAJ,Music-AI-Voices,SH20RAJ,,
2024-01-01,Codespaces - Linux,Storage,0.2448,gb-month,0.07,1.0,SH20RAJ,stable-diffusion-webui,SH20RAJ,,
2024-01-02,Codespaces - Linux,Storage,0.2856,gb-month,0.07,1.0,SH20RAJ,Music-AI-Voices,SH20RAJ,,
2024-01-02,Codespaces - Linux,Storage,0.2448,gb-month,0.07,1.0,SH20RAJ,stable-diffusion-webui,SH20RAJ,,
2024-01-02,Codespaces - Linux,Storage,0.0456,gb-month,0.07,1.0,SH20RAJ,hfupload,SH20RAJ,,
2024-01-03,Codespaces - Linux,Storage,0.0456,gb-month,0.07,1.0,SH20RAJ,hfupload,SH20RAJ,,
2024-01-03,Codespaces - Linux,Storage,0.2856,gb-month,0.07,1.0,SH20RAJ,Music-AI-Voices,SH20RAJ,,
2024-01-03,Codespaces - Linux,Storage,0.2448,gb-month,0.07,1.0,SH20RAJ,stable-diffusion-webui,SH20RAJ,,
2024-01-04,Codespaces - Linux,Storage,0.0097,gb-month,0.07,1.0,SH20RAJ,hfupload,SH20RAJ,,
2024-01-04,Codespaces - Linux,Storage,0.2856,gb-month,0.07,1.0,SH20RAJ,Music-AI-Voices,SH20RAJ,,
2024-01-04,Codespaces - Linux,Storage,0.2448,gb-month,0.07,1.0,SH20RAJ,stable-diffusion-webui,SH20RAJ,,
2024-01-05,Codespaces - Linux,Storage,0.2448,gb-month,0.07,1.0,SH20RAJ,stable-diffusion-webui,SH20RAJ,,
2024-01-05,Codespaces - Linux,Storage,0.2856,gb-month,0.07,1.0,SH20RAJ,Music-AI-Voices,SH20RAJ,,
2024-01-06,Codespaces - Linux,Storage,0.0606,gb-month,0.07,1.0,SH20RAJ,Music-AI-Voices,SH20RAJ,,
2024-01-06,Codespaces - Linux,Storage,0.2448,gb-month,0.07,1.0,SH20RAJ,stable-diffusion-webui,SH20RAJ,,
2024-01-07,Codespaces - Linux,Storage,0.2448,gb-month,0.07,1.0,SH20RAJ,stable-diffusion-webui,SH20RAJ,,
2024-01-08,Codespaces - Linux,Storage,0.2448,gb-month,0.07,1.0,SH20RAJ,stable-diffusion-webui,SH20RAJ,,
2024-01-09,Codespaces - Linux,Storage,0.2346,gb-month,0.07,1.0,SH20RAJ,stable-diffusion-webui,SH20RAJ,,
2024-01-10,Codespaces - Linux,Storage,0.2448,gb-month,0.07,1.0,SH20RAJ,stable-diffusion-webui,SH20RAJ,,
2024-01-11,Codespaces - Linux,Storage,0.2448,gb-month,0.07,1.0,SH20RAJ,stable-diffusion-webui,SH20RAJ,,
2024-01-12,Codespaces - Linux,Storage,0.2448,gb-month,0.07,1.0,SH20RAJ,stable-diffusion-webui,SH20RAJ,,
2024-01-13,Codespaces - Linux,Storage,0.2448,gb-month,0.07,1.0,SH20RAJ,stable-diffusion-webui,SH20RAJ,,
2024-01-14,Codespaces - Linux,Storage,0.0706,gb-month,0.07,1.0,SH20RAJ,stable-diffusion-webui,SH20RAJ,,
2024-01-14,Codespaces - Linux,Storage,0.0075,gb-month,0.07,1.0,SH20RAJ,Ashnoor,SH20RAJ,,
2024-01-14,Codespaces - Linux,Compute - 2 core,0.9407,hour,0.18,1.0,SH20RAJ,Ashnoor,SH20RAJ,,
2024-01-15,Codespaces - Linux,Storage,0.0672,gb-month,0.07,1.0,SH20RAJ,Ashnoor,SH20RAJ,,
2024-01-15,Codespaces - Linux,Storage,0.0025,gb-month,0.07,1.0,SH20RAJ,ai-images,SH20RAJ,,
2024-01-15,Codespaces - Linux,Compute - 2 core,0.5805,hour,0.18,1.0,SH20RAJ,ai-images,SH20RAJ,,
2024-01-16,Codespaces - Linux,Storage,0.0672,gb-month,0.07,1.0,SH20RAJ,Ashnoor,SH20RAJ,,
2024-01-16,Codespaces - Linux,Storage,0.024,gb-month,0.07,1.0,SH20RAJ,ai-images,SH20RAJ,,
2024-01-17,Codespaces - Linux,Storage,0.0672,gb-month,0.07,1.0,SH20RAJ,Ashnoor,SH20RAJ,,
2024-01-17,Codespaces - Linux,Storage,0.024,gb-month,0.07,1.0,SH20RAJ,ai-images,SH20RAJ,,
2024-01-18,Codespaces - Linux,Storage,0.0672,gb-month,0.07,1.0,SH20RAJ,Ashnoor,SH20RAJ,,
2024-01-18,Codespaces - Linux,Storage,0.024,gb-month,0.07,1.0,SH20RAJ,ai-images,SH20RAJ,,
2024-01-19,Codespaces - Linux,Storage,0.0672,gb-month,0.07,1.0,SH20RAJ,Ashnoor,SH20RAJ,,
2024-01-19,Codespaces - Linux,Storage,0.024,gb-month,0.07,1.0,SH20RAJ,ai-images,SH20RAJ,,
2024-01-20,Codespaces - Linux,Storage,0.0672,gb-month,0.07,1.0,SH20RAJ,Ashnoor,SH20RAJ,,
2024-01-20,Codespaces - Linux,Storage,0.024,gb-month,0.07,1.0,SH20RAJ,ai-images,SH20RAJ,,
2024-01-21,Codespaces - Linux,Storage,0.0672,gb-month,0.07,1.0,SH20RAJ,Ashnoor,SH20RAJ,,
2024-01-21,Codespaces - Linux,Storage,0.024,gb-month,0.07,1.0,SH20RAJ,ai-images,SH20RAJ,,
2024-01-22,Codespaces - Linux,Storage,0.0672,gb-month,0.07,1.0,SH20RAJ,Ashnoor,SH20RAJ,,
2024-01-22,Codespaces - Linux,Storage,0.024,gb-month,0.07,1.0,SH20RAJ,ai-images,SH20RAJ,,
2024-01-23,Codespaces - Linux,Storage,0.0672,gb-month,0.07,1.0,SH20RAJ,Ashnoor,SH20RAJ,,
2024-01-23,Codespaces - Linux,Storage,0.024,gb-month,0.07,1.0,SH20RAJ,ai-images,SH20RAJ,,
2024-01-23,Codespaces - Linux,Storage,0.0246,gb-month,0.07,1.0,SH20RAJ,SopLoader,SH20RAJ,,
2024-01-23,Codespaces - Linux,Compute - 2 core,1.179,hour,0.18,1.0,SH20RAJ,SopLoader,SH20RAJ,,
2024-01-24,Codespaces - Linux,Storage,0.0672,gb-month,0.07,1.0,SH20RAJ,Ashnoor,SH20RAJ,,
2024-01-24,Codespaces - Linux,Storage,0.024,gb-month,0.07,1.0,SH20RAJ,ai-images,SH20RAJ,,
2024-01-24,Codespaces - Linux,Storage,0.0312,gb-month,0.07,1.0,SH20RAJ,SopLoader,SH20RAJ,,
2024-01-25,Codespaces - Linux,Storage,0.0672,gb-month,0.07,1.0,SH20RAJ,Ashnoor,SH20RAJ,,
2024-01-25,Codespaces - Linux,Storage,0.0312,gb-month,0.07,1.0,SH20RAJ,SopLoader,SH20RAJ,,
2024-01-25,Codespaces - Linux,Storage,0.024,gb-month,0.07,1.0,SH20RAJ,ai-images,SH20RAJ,,
2024-01-26,Codespaces - Linux,Storage,0.0672,gb-month,0.07,1.0,SH20RAJ,Ashnoor,SH20RAJ,,
2024-01-26,Codespaces - Linux,Storage,0.024,gb-month,0.07,1.0,SH20RAJ,ai-images,SH20RAJ,,
2024-01-26,Codespaces - Linux,Storage,0.0312,gb-month,0.07,1.0,SH20RAJ,SopLoader,SH20RAJ,,
2024-01-27,Codespaces - Linux,Storage,0.0672,gb-month,0.07,1.0,SH20RAJ,Ashnoor,SH20RAJ,,
2024-01-27,Codespaces - Linux,Storage,0.024,gb-month,0.07,1.0,SH20RAJ,ai-images,SH20RAJ,,
2024-01-27,Codespaces - Linux,Storage,0.0312,gb-month,0.07,1.0,SH20RAJ,SopLoader,SH20RAJ,,
2024-01-28,Codespaces - Linux,Storage,0.0672,gb-month,0.07,1.0,SH20RAJ,Ashnoor,SH20RAJ,,
2024-01-28,Codespaces - Linux,Storage,0.024,gb-month,0.07,1.0,SH20RAJ,ai-images,SH20RAJ,,
2024-01-28,Codespaces - Linux,Storage,0.0312,gb-month,0.07,1.0,SH20RAJ,SopLoader,SH20RAJ,,
2024-01-29,Codespaces - Linux,Storage,0.0672,gb-month,0.07,1.0,SH20RAJ,Ashnoor,SH20RAJ,,
2024-01-29,Codespaces - Linux,Storage,0.024,gb-month,0.07,1.0,SH20RAJ,ai-images,SH20RAJ,,
2024-01-29,Codespaces - Linux,Storage,0.0312,gb-month,0.07,1.0,SH20RAJ,SopLoader,SH20RAJ,,
2024-01-30,Codespaces - Linux,Storage,0.0672,gb-month,0.07,1.0,SH20RAJ,Ashnoor,SH20RAJ,,
2024-01-30,Codespaces - Linux,Storage,0.024,gb-month,0.07,1.0,SH20RAJ,ai-images,SH20RAJ,,
2024-01-30,Codespaces - Linux,Storage,0.0312,gb-month,0.07,1.0,SH20RAJ,SopLoader,SH20RAJ,,
2024-01-31,Codespaces - Linux,Storage,0.0672,gb-month,0.07,1.0,SH20RAJ,Ashnoor,SH20RAJ,,
2024-01-31,Codespaces - Linux,Storage,0.024,gb-month,0.07,1.0,SH20RAJ,ai-images,SH20RAJ,,
2024-01-31,Codespaces - Linux,Storage,0.0312,gb-month,0.07,1.0,SH20RAJ,SopLoader,SH20RAJ,,
2024-01-31,Codespaces - Linux,Compute - 2 core,0.8954,hour,0.18,1.0,SH20RAJ,codes20.github.io,SH20RAJ,,
2024-01-31,Codespaces - Linux,Storage,0.0236,gb-month,0.07,1.0,SH20RAJ,codes20.github.io,SH20RAJ,,
2024-01-31,Codespaces - Linux,Storage,0.0018,gb-month,0.07,1.0,SH20RAJ,articleplanet.github.io,SH20RAJ,,
2024-01-31,Codespaces - Linux,Compute - 2 core,1.6681,hour,0.18,1.0,SH20RAJ,articleplanet.github.io,SH20RAJ,,
2024-02-01,Codespaces - Linux,Storage,0.0672,gb-month,0.07,1.0,SH20RAJ,Ashnoor,SH20RAJ,,
2024-02-01,Codespaces - Linux,Storage,0.0312,gb-month,0.07,1.0,SH20RAJ,codes20.github.io,SH20RAJ,,
2024-02-01,Codespaces - Linux,Storage,0.024,gb-month,0.07,1.0,SH20RAJ,ai-images,SH20RAJ,,
2024-02-01,Codespaces - Linux,Storage,0.0437,gb-month,0.07,1.0,SH20RAJ,articleplanet.github.io,SH20RAJ,,
2024-02-01,Codespaces - Linux,Compute - 2 core,8.7167,hour,0.18,1.0,SH20RAJ,articleplanet.github.io,SH20RAJ,,
2024-02-01,Codespaces - Linux,Storage,0.0312,gb-month,0.07,1.0,SH20RAJ,SopLoader,SH20RAJ,,
2024-02-01,Codespaces - Linux,Compute - 2 core,2.4746,hour,0.18,1.0,SH20RAJ,DrivePlyr20,SH20RAJ,,
2024-02-01,Codespaces - Linux,Storage,0.0251,gb-month,0.07,1.0,SH20RAJ,DrivePlyr20,SH20RAJ,,
2024-02-01,Codespaces - Linux,Compute - 2 core,1.4057,hour,0.18,1.0,SH20RAJ,codes20.github.io,SH20RAJ,,
2024-02-01,Codespaces - Linux,Compute - 2 core,2.5476,hour,0.18,1.0,SH20RAJ,articleplanet2,SH20RAJ,,
2024-02-01,Codespaces - Linux,Storage,0.0054,gb-month,0.07,1.0,SH20RAJ,articleplanet2,SH20RAJ,,
2024-02-02,Codespaces - Linux,Storage,0.0672,gb-month,0.07,1.0,SH20RAJ,Ashnoor,SH20RAJ,,
2024-02-02,Codespaces - Linux,Compute - 2 core,12.0698,hour,0.18,1.0,SH20RAJ,articleplanet2,SH20RAJ,,
2024-02-02,Codespaces - Linux,Storage,0.0288,gb-month,0.07,1.0,SH20RAJ,articleplanet2,SH20RAJ,,
2024-02-02,Codespaces - Linux,Storage,0.0312,gb-month,0.07,1.0,SH20RAJ,codes20.github.io,SH20RAJ,,
2024-02-02,Codespaces - Linux,Storage,0.024,gb-month,0.07,1.0,SH20RAJ,ai-images,SH20RAJ,,
2024-02-02,Codespaces - Linux,Storage,0.0552,gb-month,0.07,1.0,SH20RAJ,articleplanet.github.io,SH20RAJ,,
2024-02-02,Codespaces - Linux,Storage,0.0312,gb-month,0.07,1.0,SH20RAJ,SopLoader,SH20RAJ,,
2024-02-02,Codespaces - Linux,Storage,0.0288,gb-month,0.07,1.0,SH20RAJ,DrivePlyr20,SH20RAJ,,
2024-02-02,Codespaces - Linux,Compute - 2 core,0.8553,hour,0.18,1.0,SH20RAJ,ParseMark,SH20RAJ,,
2024-02-02,Codespaces - Linux,Storage,0.0254,gb-month,0.07,1.0,SH20RAJ,ParseMark,SH20RAJ,,
2024-02-02,Codespaces - Linux,Compute - 2 core,0.9645,hour,0.18,1.0,SH20RAJ,login,SH20RAJ,,
2024-02-02,Codespaces - Linux,Storage,0.0023,gb-month,0.07,1.0,SH20RAJ,login,SH20RAJ,,
2024-02-03,Codespaces - Linux,Storage,0.0672,gb-month,0.07,1.0,SH20RAJ,Ashnoor,SH20RAJ,,
2024-02-03,Codespaces - Linux,Storage,0.0312,gb-month,0.07,1.0,SH20RAJ,codes20.github.io,SH20RAJ,,
2024-02-03,Codespaces - Linux,Compute - 2 core,1.7527,hour,0.18,1.0,SH20RAJ,articleplanet2,SH20RAJ,,
2024-02-03,Codespaces - Linux,Storage,0.0288,gb-month,0.07,1.0,SH20RAJ,articleplanet2,SH20RAJ,,
2024-02-03,Codespaces - Linux,Storage,0.0552,gb-month,0.07,1.0,SH20RAJ,articleplanet.github.io,SH20RAJ,,
2024-02-03,Codespaces - Linux,Storage,0.024,gb-month,0.07,1.0,SH20RAJ,ai-images,SH20RAJ,,
2024-02-03,Codespaces - Linux,Storage,0.0288,gb-month,0.07,1.0,SH20RAJ,login-articleplanet,SH20RAJ,,
2024-02-03,Codespaces - Linux,Compute - 2 core,0.6935,hour,0.18,1.0,SH20RAJ,login-articleplanet,SH20RAJ,,
2024-02-03,Codespaces - Linux,Storage,0.0312,gb-month,0.07,1.0,SH20RAJ,SopLoader,SH20RAJ,,
2024-02-03,Codespaces - Linux,Storage,0.0288,gb-month,0.07,1.0,SH20RAJ,ParseMark,SH20RAJ,,
2024-02-03,Codespaces - Linux,Storage,0.0288,gb-month,0.07,1.0,SH20RAJ,login,SH20RAJ,,
2024-02-03,Codespaces - Linux,Storage,0.0288,gb-month,0.07,1.0,SH20RAJ,DrivePlyr20,SH20RAJ,,
2024-02-03,Codespaces - Linux,Compute - 2 core,0.6364,hour,0.18,1.0,SH20RAJ,WebScrapperJS,SH20RAJ,,
2024-02-03,Codespaces - Linux,Storage,0.0071,gb-month,0.07,1.0,SH20RAJ,WebScrapperJS,SH20RAJ,,
2024-02-04,Codespaces - Linux,Storage,0.0672,gb-month,0.07,1.0,SH20RAJ,Ashnoor,SH20RAJ,,
2024-02-04,Codespaces - Linux,Storage,0.0312,gb-month,0.07,1.0,SH20RAJ,codes20.github.io,SH20RAJ,,
2024-02-04,Codespaces - Linux,Storage,0.0288,gb-month,0.07,1.0,SH20RAJ,articleplanet2,SH20RAJ,,
2024-02-04,Codespaces - Linux,Storage,0.023,gb-month,0.07,1.0,SH20RAJ,ai-images,SH20RAJ,,
2024-02-04,Codespaces - Linux,Storage,0.0312,gb-month,0.07,1.0,SH20RAJ,SopLoader,SH20RAJ,,
2024-02-04,Codespaces - Linux,Storage,0.0276,gb-month,0.07,1.0,SH20RAJ,WebScrapperJS,SH20RAJ,,
2024-02-04,Codespaces - Linux,Storage,0.054,gb-month,0.07,1.0,SH20RAJ,articleplanet.github.io,SH20RAJ,,
2024-02-04,Codespaces - Linux,Storage,0.0288,gb-month,0.07,1.0,SH20RAJ,login-articleplanet,SH20RAJ,,
2024-02-04,Codespaces - Linux,Storage,0.0288,gb-month,0.07,1.0,SH20RAJ,login,SH20RAJ,,
2024-02-04,Codespaces - Linux,Storage,0.0288,gb-month,0.07,1.0,SH20RAJ,DrivePlyr20,SH20RAJ,,
2024-02-04,Codespaces - Linux,Storage,0.0288,gb-month,0.07,1.0,SH20RAJ,ParseMark,SH20RAJ,,
2024-02-04,Codespaces - Linux,Compute - 2 core,1.0119,hour,0.18,1.0,SH20RAJ,articleplanet2,SH20RAJ,,
2024-02-04,Codespaces - Linux,Storage,0.0013,gb-month,0.07,1.0,SH20RAJ,test,SH20RAJ,,
2024-02-04,Codespaces - Linux,Compute - 2 core,0.9144,hour,0.18,1.0,SH20RAJ,test,SH20RAJ,,
2024-02-05,Codespaces - Linux,Storage,0.0288,gb-month,0.07,1.0,SH20RAJ,test,SH20RAJ,,
2024-02-05,Codespaces - Linux,Storage,0.0672,gb-month,0.07,1.0,SH20RAJ,Ashnoor,SH20RAJ,,
2024-02-05,Codespaces - Linux,Storage,0.0312,gb-month,0.07,1.0,SH20RAJ,codes20.github.io,SH20RAJ,,
2024-02-05,Codespaces - Linux,Storage,0.0288,gb-month,0.07,1.0,SH20RAJ,articleplanet2,SH20RAJ,,
2024-02-05,Codespaces - Linux,Compute - 2 core,12.8736,hour,0.18,1.0,SH20RAJ,articleplanet2,SH20RAJ,,
2024-02-05,Codespaces - Linux,Storage,0.024,gb-month,0.07,1.0,SH20RAJ,ai-images,SH20RAJ,,
2024-02-05,Codespaces - Linux,Storage,0.0552,gb-month,0.07,1.0,SH20RAJ,articleplanet.github.io,SH20RAJ,,
2024-02-05,Codespaces - Linux,Storage,0.0312,gb-month,0.07,1.0,SH20RAJ,SopLoader,SH20RAJ,,
2024-02-05,Codespaces - Linux,Storage,0.0288,gb-month,0.07,1.0,SH20RAJ,login-articleplanet,SH20RAJ,,
2024-02-05,Codespaces - Linux,Storage,0.0288,gb-month,0.07,1.0,SH20RAJ,WebScrapperJS,SH20RAJ,,
2024-02-05,Codespaces - Linux,Storage,0.006,gb-month,0.07,1.0,SH20RAJ,login,SH20RAJ,,
2024-02-05,Codespaces - Linux,Storage,0.0288,gb-month,0.07,1.0,SH20RAJ,ParseMark,SH20RAJ,,
2024-02-05,Codespaces - Linux,Storage,0.0288,gb-month,0.07,1.0,SH20RAJ,DrivePlyr20,SH20RAJ,,
2024-02-05,Codespaces - Linux,Storage,0.0277,gb-month,0.07,1.0,SH20RAJ,DynamicLoaderJS,SH20RAJ,,
2024-02-05,Codespaces - Linux,Compute - 2 core,1.2033,hour,0.18,1.0,SH20RAJ,DynamicLoaderJS,SH20RAJ,,
2024-02-06,Codespaces - Linux,Storage,0.0312,gb-month,0.07,1.0,SH20RAJ,codes20.github.io,SH20RAJ,,
2024-02-06,Codespaces - Linux,Storage,0.0288,gb-month,0.07,1.0,SH20RAJ,test,SH20RAJ,,
2024-02-06,Codespaces - Linux,Storage,0.0672,gb-month,0.07,1.0,SH20RAJ,Ashnoor,SH20RAJ,,
2024-02-06,Codespaces - Linux,Storage,0.0288,gb-month,0.07,1.0,SH20RAJ,articleplanet2,SH20RAJ,,
2024-02-06,Codespaces - Linux,Storage,0.024,gb-month,0.07,1.0,SH20RAJ,ai-images,SH20RAJ,,
2024-02-06,Codespaces - Linux,Storage,0.0312,gb-month,0.07,1.0,SH20RAJ,SopLoader,SH20RAJ,,
2024-02-06,Codespaces - Linux,Storage,0.0552,gb-month,0.07,1.0,SH20RAJ,articleplanet.github.io,SH20RAJ,,
2024-02-06,Codespaces - Linux,Storage,0.0288,gb-month,0.07,1.0,SH20RAJ,WebScrapperJS,SH20RAJ,,
2024-02-06,Codespaces - Linux,Storage,0.0288,gb-month,0.07,1.0,SH20RAJ,login-articleplanet,SH20RAJ,,
2024-02-06,Codespaces - Linux,Storage,0.0288,gb-month,0.07,1.0,SH20RAJ,DrivePlyr20,SH20RAJ,,
2024-02-06,Codespaces - Linux,Storage,0.0288,gb-month,0.07,1.0,SH20RAJ,ParseMark,SH20RAJ,,
2024-02-06,Codespaces - Linux,Storage,0.0288,gb-month,0.07,1.0,SH20RAJ,DynamicLoaderJS,SH20RAJ,,
2024-02-06,Codespaces - Linux,Compute - 2 core,0.5627,hour,0.18,1.0,SH20RAJ,articleplanet2,SH20RAJ,,
2024-02-06,Codespaces - Linux,Compute - 2 core,0.2123,hour,0.18,1.0,SH20RAJ,cdnsfree2.github.io,SH20RAJ,,
2024-02-06,Codespaces - Linux,Storage,0.0441,gb-month,0.07,1.0,SH20RAJ,cdnsfree2.github.io,SH20RAJ,,
2024-02-06,Codespaces - Linux,Storage,0.0416,gb-month,0.07,1.0,SH20RAJ,nextjslearn,SH20RAJ,,
2024-02-06,Codespaces - Linux,Compute - 2 core,1.257,hour,0.18,1.0,SH20RAJ,nextjslearn,SH20RAJ,,
2024-02-06,Codespaces - Linux,Compute - 2 core,6.4379,hour,0.18,1.0,SH20RAJ,article-planet,SH20RAJ,,
2024-02-06,Codespaces - Linux,Storage,0.0355,gb-month,0.07,1.0,SH20RAJ,article-planet,SH20RAJ,,
2024-02-06,Codespaces - Linux,Compute - 2 core,1.841,hour,0.18,1.0,SH20RAJ,next.js,SH20RAJ,,
2024-02-06,Codespaces - Linux,Storage,0.029,gb-month,0.07,1.0,SH20RAJ,next.js,SH20RAJ,,
2024-02-07,Codespaces - Linux,Storage,0.0312,gb-month,0.07,1.0,SH20RAJ,codes20.github.io,SH20RAJ,,
2024-02-07,Codespaces - Linux,Storage,0.0288,gb-month,0.07,1.0,SH20RAJ,test,SH20RAJ,,
2024-02-07,Codespaces - Linux,Storage,0.0672,gb-month,0.07,1.0,SH20RAJ,Ashnoor,SH20RAJ,,
2024-02-07,Codespaces - Linux,Storage,0.0288,gb-month,0.07,1.0,SH20RAJ,articleplanet2,SH20RAJ,,
2024-02-07,Codespaces - Linux,Storage,0.06,gb-month,0.07,1.0,SH20RAJ,article-planet,SH20RAJ,,
2024-02-07,Codespaces - Linux,Storage,0.048,gb-month,0.07,1.0,SH20RAJ,next.js,SH20RAJ,,
2024-02-07,Codespaces - Linux,Storage,0.0552,gb-month,0.07,1.0,SH20RAJ,articleplanet.github.io,SH20RAJ,,
2024-02-07,Codespaces - Linux,Storage,0.024,gb-month,0.07,1.0,SH20RAJ,ai-images,SH20RAJ,,
2024-02-07,Codespaces - Linux,Storage,0.0288,gb-month,0.07,1.0,SH20RAJ,WebScrapperJS,SH20RAJ,,
2024-02-07,Codespaces - Linux,Storage,0.0288,gb-month,0.07,1.0,SH20RAJ,login-articleplanet,SH20RAJ,,
2024-02-07,Codespaces - Linux,Storage,0.0312,gb-month,0.07,1.0,SH20RAJ,SopLoader,SH20RAJ,,
2024-02-07,Codespaces - Linux,Storage,0.0504,gb-month,0.07,1.0,SH20RAJ,cdnsfree2.github.io,SH20RAJ,,
2024-02-07,Codespaces - Linux,Storage,0.0288,gb-month,0.07,1.0,SH20RAJ,DynamicLoaderJS,SH20RAJ,,
2024-02-07,Codespaces - Linux,Storage,0.0288,gb-month,0.07,1.0,SH20RAJ,ParseMark,SH20RAJ,,
2024-02-07,Codespaces - Linux,Storage,0.0288,gb-month,0.07,1.0,SH20RAJ,DrivePlyr20,SH20RAJ,,
2024-02-07,Codespaces - Linux,Storage,0.0151,gb-month,0.07,1.0,SH20RAJ,nextjslearn,SH20RAJ,,
2024-02-07,Codespaces - Linux,Compute - 2 core,1.048,hour,0.18,1.0,SH20RAJ,article-planet,SH20RAJ,,
2024-02-07,Codespaces - Linux,Compute - 2 core,1.6489,hour,0.18,1.0,SH20RAJ,DrivePlyr20,SH20RAJ,,
2024-02-08,Codespaces - Linux,Storage,0.0312,gb-month,0.07,1.0,SH20RAJ,codes20.github.io,SH20RAJ,,
2024-02-08,Codespaces - Linux,Storage,0.0672,gb-month,0.07,1.0,SH20RAJ,Ashnoor,SH20RAJ,,
2024-02-08,Codespaces - Linux,Storage,0.0288,gb-month,0.07,1.0,SH20RAJ,test,SH20RAJ,,
2024-02-08,Codespaces - Linux,Storage,0.0499,gb-month,0.07,1.0,SH20RAJ,article-planet,SH20RAJ,,
2024-02-08,Codespaces - Linux,Storage,0.048,gb-month,0.07,1.0,SH20RAJ,next.js,SH20RAJ,,
2024-02-08,Codespaces - Linux,Storage,0.0288,gb-month,0.07,1.0,SH20RAJ,articleplanet2,SH20RAJ,,
2024-02-08,Codespaces - Linux,Storage,0.024,gb-month,0.07,1.0,SH20RAJ,ai-images,SH20RAJ,,
2024-02-08,Codespaces - Linux,Storage,0.0288,gb-month,0.07,1.0,SH20RAJ,WebScrapperJS,SH20RAJ,,
2024-02-08,Codespaces - Linux,Storage,0.0504,gb-month,0.07,1.0,SH20RAJ,cdnsfree2.github.io,SH20RAJ,,
2024-02-08,Codespaces - Linux,Storage,0.0552,gb-month,0.07,1.0,SH20RAJ,articleplanet.github.io,SH20RAJ,,
2024-02-08,Codespaces - Linux,Storage,0.0288,gb-month,0.07,1.0,SH20RAJ,login-articleplanet,SH20RAJ,,
2024-02-08,Codespaces - Linux,Storage,0.0312,gb-month,0.07,1.0,SH20RAJ,SopLoader,SH20RAJ,,
2024-02-08,Codespaces - Linux,Storage,0.0288,gb-month,0.07,1.0,SH20RAJ,DynamicLoaderJS,SH20RAJ,,
2024-02-08,Codespaces - Linux,Storage,0.0288,gb-month,0.07,1.0,SH20RAJ,DrivePlyr20,SH20RAJ,,
2024-02-08,Codespaces - Linux,Storage,0.0288,gb-month,0.07,1.0,SH20RAJ,ParseMark,SH20RAJ,,
2024-02-09,Actions,Compute - UBUNTU,2,minute,0.008,1.0,SH20RAJ,DrivePlyr20,SH20RAJ,.github/workflows/php.yml,
2024-02-09,Codespaces - Linux,Storage,0.0288,gb-month,0.07,1.0,SH20RAJ,test,SH20RAJ,,
2024-02-09,Codespaces - Linux,Storage,0.0672,gb-month,0.07,1.0,SH20RAJ,Ashnoor,SH20RAJ,,
2024-02-09,Codespaces - Linux,Storage,0.0312,gb-month,0.07,1.0,SH20RAJ,codes20.github.io,SH20RAJ,,
2024-02-09,Codespaces - Linux,Storage,0.048,gb-month,0.07,1.0,SH20RAJ,next.js,SH20RAJ,,
2024-02-09,Codespaces - Linux,Storage,0.024,gb-month,0.07,1.0,SH20RAJ,ai-images,SH20RAJ,,
2024-02-09,Codespaces - Linux,Storage,0.0288,gb-month,0.07,1.0,SH20RAJ,articleplanet2,SH20RAJ,,
2024-02-09,Codespaces - Linux,Storage,0.0552,gb-month,0.07,1.0,SH20RAJ,articleplanet.github.io,SH20RAJ,,
2024-02-09,Codespaces - Linux,Storage,0.0312,gb-month,0.07,1.0,SH20RAJ,SopLoader,SH20RAJ,,
2024-02-09,Codespaces - Linux,Storage,0.0288,gb-month,0.07,1.0,SH20RAJ,WebScrapperJS,SH20RAJ,,
2024-02-09,Codespaces - Linux,Storage,0.0504,gb-month,0.07,1.0,SH20RAJ,cdnsfree2.github.io,SH20RAJ,,
2024-02-09,Codespaces - Linux,Storage,0.0288,gb-month,0.07,1.0,SH20RAJ,login-articleplanet,SH20RAJ,,
2024-02-09,Codespaces - Linux,Storage,0.0288,gb-month,0.07,1.0,SH20RAJ,ParseMark,SH20RAJ,,
2024-02-09,Codespaces - Linux,Storage,0.0288,gb-month,0.07,1.0,SH20RAJ,DynamicLoaderJS,SH20RAJ,,
2024-02-09,Codespaces - Linux,Storage,0.0288,gb-month,0.07,1.0,SH20RAJ,DrivePlyr20,SH20RAJ,,
2024-02-10,Codespaces - Linux,Storage,0.0672,gb-month,0.07,1.0,SH20RAJ,Ashnoor,SH20RAJ,,
2024-02-10,Codespaces - Linux,Storage,0.0312,gb-month,0.07,1.0,SH20RAJ,codes20.github.io,SH20RAJ,,
2024-02-10,Codespaces - Linux,Storage,0.0288,gb-month,0.07,1.0,SH20RAJ,test,SH20RAJ,,
2024-02-10,Codespaces - Linux,Storage,0.0288,gb-month,0.07,1.0,SH20RAJ,articleplanet2,SH20RAJ,,
2024-02-10,Codespaces - Linux,Storage,0.048,gb-month,0.07,1.0,SH20RAJ,next.js,SH20RAJ,,
2024-02-10,Codespaces - Linux,Storage,0.024,gb-month,0.07,1.0,SH20RAJ,ai-images,SH20RAJ,,
2024-02-10,Codespaces - Linux,Storage,0.0552,gb-month,0.07,1.0,SH20RAJ,articleplanet.github.io,SH20RAJ,,
2024-02-10,Codespaces - Linux,Storage,0.0288,gb-month,0.07,1.0,SH20RAJ,WebScrapperJS,SH20RAJ,,
2024-02-10,Codespaces - Linux,Storage,0.0312,gb-month,0.07,1.0,SH20RAJ,SopLoader,SH20RAJ,,
2024-02-10,Codespaces - Linux,Storage,0.0504,gb-month,0.07,1.0,SH20RAJ,cdnsfree2.github.io,SH20RAJ,,
2024-02-10,Codespaces - Linux,Storage,0.0288,gb-month,0.07,1.0,SH20RAJ,login-articleplanet,SH20RAJ,,
2024-02-10,Codespaces - Linux,Storage,0.0288,gb-month,0.07,1.0,SH20RAJ,ParseMark,SH20RAJ,,
2024-02-10,Codespaces - Linux,Storage,0.0288,gb-month,0.07,1.0,SH20RAJ,DynamicLoaderJS,SH20RAJ,,
2024-02-10,Codespaces - Linux,Storage,0.0288,gb-month,0.07,1.0,SH20RAJ,DrivePlyr20,SH20RAJ,,
2024-02-11,Codespaces - Linux,Storage,0.0672,gb-month,0.07,1.0,SH20RAJ,Ashnoor,SH20RAJ,,
2024-02-11,Codespaces - Linux,Storage,0.0288,gb-month,0.07,1.0,SH20RAJ,test,SH20RAJ,,
2024-02-11,Codespaces - Linux,Storage,0.048,gb-month,0.07,1.0,SH20RAJ,next.js,SH20RAJ,,
2024-02-11,Codespaces - Linux,Storage,0.0312,gb-month,0.07,1.0,SH20RAJ,codes20.github.io,SH20RAJ,,
2024-02-11,Codespaces - Linux,Storage,0.0288,gb-month,0.07,1.0,SH20RAJ,articleplanet2,SH20RAJ,,
2024-02-11,Codespaces - Linux,Storage,0.024,gb-month,0.07,1.0,SH20RAJ,ai-images,SH20RAJ,,
2024-02-11,Codespaces - Linux,Storage,0.0552,gb-month,0.07,1.0,SH20RAJ,articleplanet.github.io,SH20RAJ,,
2024-02-11,Codespaces - Linux,Storage,0.0288,gb-month,0.07,1.0,SH20RAJ,WebScrapperJS,SH20RAJ,,
2024-02-11,Codespaces - Linux,Storage,0.0288,gb-month,0.07,1.0,SH20RAJ,login-articleplanet,SH20RAJ,,
2024-02-11,Codespaces - Linux,Storage,0.0312,gb-month,0.07,1.0,SH20RAJ,SopLoader,SH20RAJ,,
2024-02-11,Codespaces - Linux,Storage,0.0288,gb-month,0.07,1.0,SH20RAJ,DrivePlyr20,SH20RAJ,,
2024-02-11,Codespaces - Linux,Storage,0.0504,gb-month,0.07,1.0,SH20RAJ,cdnsfree2.github.io,SH20RAJ,,
2024-02-11,Codespaces - Linux,Storage,0.0288,gb-month,0.07,1.0,SH20RAJ,DynamicLoaderJS,SH20RAJ,,
2024-02-11,Codespaces - Linux,Storage,0.0288,gb-month,0.07,1.0,SH20RAJ,ParseMark,SH20RAJ,,
2024-02-12,Codespaces - Linux,Storage,0.0312,gb-month,0.07,1.0,SH20RAJ,codes20.github.io,SH20RAJ,,
2024-02-12,Codespaces - Linux,Storage,0.0288,gb-month,0.07,1.0,SH20RAJ,test,SH20RAJ,,
2024-02-12,Codespaces - Linux,Storage,0.0672,gb-month,0.07,1.0,SH20RAJ,Ashnoor,SH20RAJ,,
2024-02-12,Codespaces - Linux,Storage,0.024,gb-month,0.07,1.0,SH20RAJ,ai-images,SH20RAJ,,
2024-02-12,Codespaces - Linux,Storage,0.0288,gb-month,0.07,1.0,SH20RAJ,articleplanet2,SH20RAJ,,
2024-02-12,Codespaces - Linux,Storage,0.048,gb-month,0.07,1.0,SH20RAJ,next.js,SH20RAJ,,
2024-02-12,Codespaces - Linux,Storage,0.0552,gb-month,0.07,1.0,SH20RAJ,articleplanet.github.io,SH20RAJ,,
2024-02-12,Codespaces - Linux,Storage,0.0504,gb-month,0.07,1.0,SH20RAJ,cdnsfree2.github.io,SH20RAJ,,
2024-02-12,Codespaces - Linux,Storage,0.0312,gb-month,0.07,1.0,SH20RAJ,SopLoader,SH20RAJ,,
2024-02-12,Codespaces - Linux,Storage,0.0288,gb-month,0.07,1.0,SH20RAJ,WebScrapperJS,SH20RAJ,,
2024-02-12,Codespaces - Linux,Storage,0.0288,gb-month,0.07,1.0,SH20RAJ,login-articleplanet,SH20RAJ,,
2024-02-12,Codespaces - Linux,Storage,0.0288,gb-month,0.07,1.0,SH20RAJ,DynamicLoaderJS,SH20RAJ,,
2024-02-12,Codespaces - Linux,Storage,0.0288,gb-month,0.07,1.0,SH20RAJ,DrivePlyr20,SH20RAJ,,
2024-02-12,Codespaces - Linux,Storage,0.0288,gb-month,0.07,1.0,SH20RAJ,ParseMark,SH20RAJ,,
2024-02-12,Codespaces - Linux,Storage,0.0008,gb-month,0.07,1.0,SH20RAJ,login,SH20RAJ,,
2024-02-13,Codespaces - Linux,Storage,0.0623,gb-month,0.07,1.0,SH20RAJ,Ashnoor,SH20RAJ,,
2024-02-13,Codespaces - Linux,Storage,0.0312,gb-month,0.07,1.0,SH20RAJ,codes20.github.io,SH20RAJ,,
2024-02-13,Codespaces - Linux,Storage,0.0288,gb-month,0.07,1.0,SH20RAJ,test,SH20RAJ,,
2024-02-13,Codespaces - Linux,Storage,0.0288,gb-month,0.07,1.0,SH20RAJ,articleplanet2,SH20RAJ,,
2024-02-13,Codespaces - Linux,Storage,0.048,gb-month,0.07,1.0,SH20RAJ,next.js,SH20RAJ,,
2024-02-13,Codespaces - Linux,Storage,0.0552,gb-month,0.07,1.0,SH20RAJ,articleplanet.github.io,SH20RAJ,,
2024-02-13,Codespaces - Linux,Storage,0.024,gb-month,0.07,1.0,SH20RAJ,ai-images,SH20RAJ,,
2024-02-13,Codespaces - Linux,Storage,0.0312,gb-month,0.07,1.0,SH20RAJ,SopLoader,SH20RAJ,,
2024-02-13,Codespaces - Linux,Storage,0.0504,gb-month,0.07,1.0,SH20RAJ,cdnsfree2.github.io,SH20RAJ,,
2024-02-13,Codespaces - Linux,Storage,0.0288,gb-month,0.07,1.0,SH20RAJ,login-articleplanet,SH20RAJ,,
2024-02-13,Codespaces - Linux,Storage,0.0288,gb-month,0.07,1.0,SH20RAJ,WebScrapperJS,SH20RAJ,,
2024-02-13,Codespaces - Linux,Storage,0.0288,gb-month,0.07,1.0,SH20RAJ,DrivePlyr20,SH20RAJ,,
2024-02-13,Codespaces - Linux,Storage,0.0288,gb-month,0.07,1.0,SH20RAJ,DynamicLoaderJS,SH20RAJ,,
2024-02-13,Codespaces - Linux,Storage,0.0288,gb-month,0.07,1.0,SH20RAJ,ParseMark,SH20RAJ,,
2024-02-14,Actions,Compute - UBUNTU,15,minute,0.008,1.0,SH20RAJ,devart,SH20RAJ,.github/workflows/node.js.yml,
2024-02-14,Codespaces - Linux,Storage,0.0288,gb-month,0.07,1.0,SH20RAJ,test,SH20RAJ,,
2024-02-14,Codespaces - Linux,Storage,0.0312,gb-month,0.07,1.0,SH20RAJ,codes20.github.io,SH20RAJ,,
2024-02-14,Codespaces - Linux,Storage,0.0288,gb-month,0.07,1.0,SH20RAJ,articleplanet2,SH20RAJ,,
2024-02-14,Codespaces - Linux,Storage,0.048,gb-month,0.07,1.0,SH20RAJ,next.js,SH20RAJ,,
2024-02-14,Codespaces - Linux,Storage,0.0221,gb-month,0.07,1.0,SH20RAJ,ai-images,SH20RAJ,,
2024-02-14,Codespaces - Linux,Storage,0.0552,gb-month,0.07,1.0,SH20RAJ,articleplanet.github.io,SH20RAJ,,
2024-02-14,Codespaces - Linux,Storage,0.0288,gb-month,0.07,1.0,SH20RAJ,WebScrapperJS,SH20RAJ,,
2024-02-14,Codespaces - Linux,Storage,0.0288,gb-month,0.07,1.0,SH20RAJ,login-articleplanet,SH20RAJ,,
2024-02-14,Codespaces - Linux,Storage,0.0312,gb-month,0.07,1.0,SH20RAJ,SopLoader,SH20RAJ,,
2024-02-14,Codespaces - Linux,Storage,0.0288,gb-month,0.07,1.0,SH20RAJ,DynamicLoaderJS,SH20RAJ,,
2024-02-14,Codespaces - Linux,Storage,0.0504,gb-month,0.07,1.0,SH20RAJ,cdnsfree2.github.io,SH20RAJ,,
2024-02-14,Codespaces - Linux,Storage,0.0288,gb-month,0.07,1.0,SH20RAJ,ParseMark,SH20RAJ,,
2024-02-14,Codespaces - Linux,Storage,0.0288,gb-month,0.07,1.0,SH20RAJ,DrivePlyr20,SH20RAJ,,
2024-02-15,Codespaces - Linux,Storage,0.0288,gb-month,0.07,1.0,SH20RAJ,test,SH20RAJ,,
2024-02-15,Codespaces - Linux,Storage,0.0312,gb-month,0.07,1.0,SH20RAJ,codes20.github.io,SH20RAJ,,
2024-02-15,Codespaces - Linux,Storage,0.0288,gb-month,0.07,1.0,SH20RAJ,articleplanet2,SH20RAJ,,
2024-02-15,Codespaces - Linux,Storage,0.048,gb-month,0.07,1.0,SH20RAJ,next.js,SH20RAJ,,
2024-02-15,Codespaces - Linux,Storage,0.0552,gb-month,0.07,1.0,SH20RAJ,articleplanet.github.io,SH20RAJ,,
2024-02-15,Codespaces - Linux,Storage,0.0288,gb-month,0.07,1.0,SH20RAJ,WebScrapperJS,SH20RAJ,,
2024-02-15,Codespaces - Linux,Storage,0.0504,gb-month,0.07,1.0,SH20RAJ,cdnsfree2.github.io,SH20RAJ,,
2024-02-15,Codespaces - Linux,Storage,0.0312,gb-month,0.07,1.0,SH20RAJ,SopLoader,SH20RAJ,,
2024-02-15,Codespaces - Linux,Storage,0.0288,gb-month,0.07,1.0,SH20RAJ,login-articleplanet,SH20RAJ,,
2024-02-15,Codespaces - Linux,Storage,0.0288,gb-month,0.07,1.0,SH20RAJ,ParseMark,SH20RAJ,,
2024-02-15,Codespaces - Linux,Storage,0.0288,gb-month,0.07,1.0,SH20RAJ,DrivePlyr20,SH20RAJ,,
2024-02-15,Codespaces - Linux,Storage,0.0288,gb-month,0.07,1.0,SH20RAJ,DynamicLoaderJS,SH20RAJ,,
2024-02-16,Codespaces - Linux,Storage,0.0288,gb-month,0.07,1.0,SH20RAJ,test,SH20RAJ,,
2024-02-16,Codespaces - Linux,Storage,0.0312,gb-month,0.07,1.0,SH20RAJ,codes20.github.io,SH20RAJ,,
2024-02-16,Codespaces - Linux,Storage,0.048,gb-month,0.07,1.0,SH20RAJ,next.js,SH20RAJ,,
2024-02-16,Codespaces - Linux,Storage,0.0288,gb-month,0.07,1.0,SH20RAJ,articleplanet2,SH20RAJ,,
2024-02-16,Codespaces - Linux,Storage,0.0552,gb-month,0.07,1.0,SH20RAJ,articleplanet.github.io,SH20RAJ,,
2024-02-16,Codespaces - Linux,Storage,0.0288,gb-month,0.07,1.0,SH20RAJ,WebScrapperJS,SH20RAJ,,
2024-02-16,Codespaces - Linux,Storage,0.0288,gb-month,0.07,1.0,SH20RAJ,login-articleplanet,SH20RAJ,,
2024-02-16,Codespaces - Linux,Storage,0.0312,gb-month,0.07,1.0,SH20RAJ,SopLoader,SH20RAJ,,
2024-02-16,Codespaces - Linux,Storage,0.0288,gb-month,0.07,1.0,SH20RAJ,DynamicLoaderJS,SH20RAJ,,
2024-02-16,Codespaces - Linux,Storage,0.0504,gb-month,0.07,1.0,SH20RAJ,cdnsfree2.github.io,SH20RAJ,,
2024-02-16,Codespaces - Linux,Storage,0.0288,gb-month,0.07,1.0,SH20RAJ,DrivePlyr20,SH20RAJ,,
2024-02-16,Codespaces - Linux,Storage,0.0288,gb-month,0.07,1.0,SH20RAJ,ParseMark,SH20RAJ,,
2024-02-17,Codespaces - Linux,Storage,0.0312,gb-month,0.07,1.0,SH20RAJ,codes20.github.io,SH20RAJ,,
2024-02-17,Codespaces - Linux,Storage,0.0288,gb-month,0.07,1.0,SH20RAJ,test,SH20RAJ,,
2024-02-17,Codespaces - Linux,Storage,0.0288,gb-month,0.07,1.0,SH20RAJ,articleplanet2,SH20RAJ,,
2024-02-17,Codespaces - Linux,Storage,0.048,gb-month,0.07,1.0,SH20RAJ,next.js,SH20RAJ,,
2024-02-17,Codespaces - Linux,Storage,0.0552,gb-month,0.07,1.0,SH20RAJ,articleplanet.github.io,SH20RAJ,,
2024-02-17,Codespaces - Linux,Storage,0.0288,gb-month,0.07,1.0,SH20RAJ,WebScrapperJS,SH20RAJ,,
2024-02-17,Codespaces - Linux,Storage,0.0288,gb-month,0.07,1.0,SH20RAJ,login-articleplanet,SH20RAJ,,
2024-02-17,Codespaces - Linux,Storage,0.0504,gb-month,0.07,1.0,SH20RAJ,cdnsfree2.github.io,SH20RAJ,,
2024-02-17,Codespaces - Linux,Storage,0.0312,gb-month,0.07,1.0,SH20RAJ,SopLoader,SH20RAJ,,
2024-02-17,Codespaces - Linux,Storage,0.0288,gb-month,0.07,1.0,SH20RAJ,DynamicLoaderJS,SH20RAJ,,
2024-02-17,Codespaces - Linux,Storage,0.0288,gb-month,0.07,1.0,SH20RAJ,DrivePlyr20,SH20RAJ,,
2024-02-17,Codespaces - Linux,Storage,0.0288,gb-month,0.07,1.0,SH20RAJ,ParseMark,SH20RAJ,,
2024-02-18,Codespaces - Linux,Storage,0.0312,gb-month,0.07,1.0,SH20RAJ,codes20.github.io,SH20RAJ,,
2024-02-18,Codespaces - Linux,Storage,0.0288,gb-month,0.07,1.0,SH20RAJ,test,SH20RAJ,,
2024-02-18,Codespaces - Linux,Storage,0.0288,gb-month,0.07,1.0,SH20RAJ,articleplanet2,SH20RAJ,,
2024-02-18,Codespaces - Linux,Storage,0.048,gb-month,0.07,1.0,SH20RAJ,next.js,SH20RAJ,,
2024-02-18,Codespaces - Linux,Storage,0.0288,gb-month,0.07,1.0,SH20RAJ,WebScrapperJS,SH20RAJ,,
2024-02-18,Codespaces - Linux,Storage,0.0552,gb-month,0.07,1.0,SH20RAJ,articleplanet.github.io,SH20RAJ,,
2024-02-18,Codespaces - Linux,Storage,0.0312,gb-month,0.07,1.0,SH20RAJ,SopLoader,SH20RAJ,,
2024-02-18,Codespaces - Linux,Storage,0.0504,gb-month,0.07,1.0,SH20RAJ,cdnsfree2.github.io,SH20RAJ,,
2024-02-18,Codespaces - Linux,Storage,0.0288,gb-month,0.07,1.0,SH20RAJ,login-articleplanet,SH20RAJ,,
2024-02-18,Codespaces - Linux,Storage,0.0288,gb-month,0.07,1.0,SH20RAJ,DynamicLoaderJS,SH20RAJ,,
2024-02-18,Codespaces - Linux,Storage,0.0288,gb-month,0.07,1.0,SH20RAJ,DrivePlyr20,SH20RAJ,,
2024-02-18,Codespaces - Linux,Storage,0.0288,gb-month,0.07,1.0,SH20RAJ,ParseMark,SH20RAJ,,
2024-02-19,Codespaces - Linux,Storage,0.0312,gb-month,0.07,1.0,SH20RAJ,codes20.github.io,SH20RAJ,,
2024-02-19,Codespaces - Linux,Storage,0.0288,gb-month,0.07,1.0,SH20RAJ,test,SH20RAJ,,
2024-02-19,Codespaces - Linux,Storage,0.048,gb-month,0.07,1.0,SH20RAJ,next.js,SH20RAJ,,
2024-02-19,Codespaces - Linux,Storage,0.0288,gb-month,0.07,1.0,SH20RAJ,articleplanet2,SH20RAJ,,
2024-02-19,Codespaces - Linux,Storage,0.0552,gb-month,0.07,1.0,SH20RAJ,articleplanet.github.io,SH20RAJ,,
2024-02-19,Codespaces - Linux,Storage,0.0288,gb-month,0.07,1.0,SH20RAJ,WebScrapperJS,SH20RAJ,,
2024-02-19,Codespaces - Linux,Storage,0.0504,gb-month,0.07,1.0,SH20RAJ,cdnsfree2.github.io,SH20RAJ,,
2024-02-19,Codespaces - Linux,Storage,0.0288,gb-month,0.07,1.0,SH20RAJ,DynamicLoaderJS,SH20RAJ,,
2024-02-19,Codespaces - Linux,Storage,0.0312,gb-month,0.07,1.0,SH20RAJ,SopLoader,SH20RAJ,,
2024-02-19,Codespaces - Linux,Storage,0.0288,gb-month,0.07,1.0,SH20RAJ,login-articleplanet,SH20RAJ,,
2024-02-19,Codespaces - Linux,Storage,0.0288,gb-month,0.07,1.0,SH20RAJ,DrivePlyr20,SH20RAJ,,
2024-02-19,Codespaces - Linux,Storage,0.0288,gb-month,0.07,1.0,SH20RAJ,ParseMark,SH20RAJ,,
2024-02-20,Codespaces - Linux,Storage,0.0288,gb-month,0.07,1.0,SH20RAJ,test,SH20RAJ,,
2024-02-20,Codespaces - Linux,Storage,0.0312,gb-month,0.07,1.0,SH20RAJ,codes20.github.io,SH20RAJ,,
2024-02-20,Codespaces - Linux,Storage,0.0288,gb-month,0.07,1.0,SH20RAJ,articleplanet2,SH20RAJ,,
2024-02-20,Codespaces - Linux,Storage,0.048,gb-month,0.07,1.0,SH20RAJ,next.js,SH20RAJ,,
2024-02-20,Codespaces - Linux,Storage,0.0552,gb-month,0.07,1.0,SH20RAJ,articleplanet.github.io,SH20RAJ,,
2024-02-20,Codespaces - Linux,Storage,0.0504,gb-month,0.07,1.0,SH20RAJ,cdnsfree2.github.io,SH20RAJ,,
2024-02-20,Codespaces - Linux,Storage,0.0288,gb-month,0.07,1.0,SH20RAJ,WebScrapperJS,SH20RAJ,,
2024-02-20,Codespaces - Linux,Storage,0.0288,gb-month,0.07,1.0,SH20RAJ,login-articleplanet,SH20RAJ,,
2024-02-20,Codespaces - Linux,Storage,0.0312,gb-month,0.07,1.0,SH20RAJ,SopLoader,SH20RAJ,,
2024-02-20,Codespaces - Linux,Storage,0.0288,gb-month,0.07,1.0,SH20RAJ,DrivePlyr20,SH20RAJ,,
2024-02-20,Codespaces - Linux,Storage,0.0288,gb-month,0.07,1.0,SH20RAJ,DynamicLoaderJS,SH20RAJ,,
2024-02-20,Codespaces - Linux,Storage,0.0288,gb-month,0.07,1.0,SH20RAJ,ParseMark,SH20RAJ,,
2024-02-21,Codespaces - Linux,Storage,0.0288,gb-month,0.07,1.0,SH20RAJ,test,SH20RAJ,,
2024-02-21,Codespaces - Linux,Storage,0.0312,gb-month,0.07,1.0,SH20RAJ,codes20.github.io,SH20RAJ,,
2024-02-21,Codespaces - Linux,Storage,0.0288,gb-month,0.07,1.0,SH20RAJ,articleplanet2,SH20RAJ,,
2024-02-21,Codespaces - Linux,Storage,0.048,gb-month,0.07,1.0,SH20RAJ,next.js,SH20RAJ,,
2024-02-21,Codespaces - Linux,Storage,0.0552,gb-month,0.07,1.0,SH20RAJ,articleplanet.github.io,SH20RAJ,,
2024-02-21,Codespaces - Linux,Storage,0.0288,gb-month,0.07,1.0,SH20RAJ,ParseMark,SH20RAJ,,
2024-02-21,Codespaces - Linux,Storage,0.0288,gb-month,0.07,1.0,SH20RAJ,WebScrapperJS,SH20RAJ,,
2024-02-21,Codespaces - Linux,Storage,0.0504,gb-month,0.07,1.0,SH20RAJ,cdnsfree2.github.io,SH20RAJ,,
2024-02-21,Codespaces - Linux,Storage,0.0312,gb-month,0.07,1.0,SH20RAJ,SopLoader,SH20RAJ,,
2024-02-21,Codespaces - Linux,Storage,0.0288,gb-month,0.07,1.0,SH20RAJ,login-articleplanet,SH20RAJ,,
2024-02-21,Codespaces - Linux,Storage,0.0288,gb-month,0.07,1.0,SH20RAJ,DynamicLoaderJS,SH20RAJ,,
2024-02-21,Codespaces - Linux,Storage,0.0288,gb-month,0.07,1.0,SH20RAJ,DrivePlyr20,SH20RAJ,,
2024-02-22,Codespaces - Linux,Storage,0.0312,gb-month,0.07,1.0,SH20RAJ,codes20.github.io,SH20RAJ,,
2024-02-22,Codespaces - Linux,Storage,0.0288,gb-month,0.07,1.0,SH20RAJ,test,SH20RAJ,,
2024-02-22,Codespaces - Linux,Storage,0.048,gb-month,0.07,1.0,SH20RAJ,next.js,SH20RAJ,,
2024-02-22,Codespaces - Linux,Storage,0.0288,gb-month,0.07,1.0,SH20RAJ,articleplanet2,SH20RAJ,,
2024-02-22,Codespaces - Linux,Storage,0.0552,gb-month,0.07,1.0,SH20RAJ,articleplanet.github.io,SH20RAJ,,
2024-02-22,Codespaces - Linux,Storage,0.0081,gb-month,0.07,1.0,SH20RAJ,SopLoader,SH20RAJ,,
2024-02-22,Codespaces - Linux,Storage,0.0288,gb-month,0.07,1.0,SH20RAJ,WebScrapperJS,SH20RAJ,,
2024-02-22,Codespaces - Linux,Storage,0.0504,gb-month,0.07,1.0,SH20RAJ,cdnsfree2.github.io,SH20RAJ,,
2024-02-22,Codespaces - Linux,Storage,0.0288,gb-month,0.07,1.0,SH20RAJ,login-articleplanet,SH20RAJ,,
2024-02-22,Codespaces - Linux,Storage,0.0288,gb-month,0.07,1.0,SH20RAJ,DrivePlyr20,SH20RAJ,,
2024-02-22,Codespaces - Linux,Storage,0.0288,gb-month,0.07,1.0,SH20RAJ,DynamicLoaderJS,SH20RAJ,,
2024-02-22,Codespaces - Linux,Storage,0.0288,gb-month,0.07,1.0,SH20RAJ,ParseMark,SH20RAJ,,
2024-02-23,Codespaces - Linux,Storage,0.0099,gb-month,0.07,1.0,SH20RAJ,test,SH20RAJ,,
2024-02-23,Codespaces - Linux,Storage,0.0107,gb-month,0.07,1.0,SH20RAJ,codes20.github.io,SH20RAJ,,
2024-02-23,Codespaces - Linux,Storage,0.0099,gb-month,0.07,1.0,SH20RAJ,articleplanet2,SH20RAJ,,
2024-02-23,Codespaces - Linux,Storage,0.0165,gb-month,0.07,1.0,SH20RAJ,next.js,SH20RAJ,,
2024-02-23,Codespaces - Linux,Storage,0.0099,gb-month,0.07,1.0,SH20RAJ,login-articleplanet,SH20RAJ,,
2024-02-23,Codespaces - Linux,Storage,0.0099,gb-month,0.07,1.0,SH20RAJ,WebScrapperJS,SH20RAJ,,
2024-02-23,Codespaces - Linux,Storage,0.019,gb-month,0.07,1.0,SH20RAJ,articleplanet.github.io,SH20RAJ,,
2024-02-23,Codespaces - Linux,Storage,0.0173,gb-month,0.07,1.0,SH20RAJ,cdnsfree2.github.io,SH20RAJ,,
2024-02-23,Codespaces - Linux,Storage,0.0099,gb-month,0.07,1.0,SH20RAJ,DrivePlyr20,SH20RAJ,,
2024-02-23,Codespaces - Linux,Storage,0.0099,gb-month,0.07,1.0,SH20RAJ,ParseMark,SH20RAJ,,
2024-02-23,Codespaces - Linux,Storage,0.0099,gb-month,0.07,1.0,SH20RAJ,DynamicLoaderJS,SH20RAJ,,
